4513865,Libbey De Caville,75,Chile,Vallenar,8 Meadow Ridge Terrace,9,87905 Vernon Trail,90 Jenifer Street
3175884,Madlen Mabson,68,Chile,Antofagasta,43 Oneill Street,7,565 Chinook Way,2089 Mccormick Alley
3405232,Hale Rubroe,78,Chile,Villarrica,876 Rowland Parkway,6,6 Carpenter Hill,5667 Kropf Avenue
4018605,Kylynn Barkworth,65,Chile,Cañete,8 Ramsey Hill,12,42 Clarendon Street,538 Calypso Circle
4377334,Westleigh Pigny,51,Chile,Purranque,414 Northridge Terrace,5,5 Burning Wood Court,36 Ridgeview Avenue
3731061,Cate Muscat,22,Chile,Temuco,571 Banding Court,4,706 Waubesa Way,3183 Melody Trail
4712179,Jacquelyn Kealy,20,Chile,Curanilahue,01254 Holmberg Park,1,9 Miller Junction,48 Bay Junction
4040772,Wilone Scothron,63,Chile,Puerto Montt,791 Del Sol Center,11,427 Jana Street,276 Darwin Place
4619993,Tansy Cranefield,51,Chile,San Pedro de Atacama,49 Fisk Parkway,5,27759 Pleasure Street,62077 Graedel Trail
3969985,Valentine Bilovus,84,Chile,Puente Alto,498 Donald Center,8,6 Forster Lane,2994 Loftsgordon Street
3604805,Israel Cuddehy,35,Chile,Purranque,68521 Golden Leaf Plaza,8,39552 Melody Plaza,2165 Linden Center
4755669,Nick Inder,60,Chile,Monte Patria,2663 Sugar Way,12,131 Calypso Avenue,093 Commercial Center
4570276,Anthe Hodgins,1,Chile,Hacienda La Calera,9109 Garrison Crossing,7,4 Tennessee Park,64881 Fieldstone Alley
3755293,Evangeline Collison,93,Chile,Santa Cruz,5084 Butternut Circle,9,75 Pankratz Park,89258 Derek Way
3619168,Morena Dobrovolski,10,Chile,Viña del Mar,0 Susan Park,3,043 Sunfield Place,63 Park Meadow Point
4619414,Charmain Knevit,75,Chile,Chile Chico,86 Hansons Lane,2,1208 Nevada Avenue,6953 Brentwood Avenue
3938664,Ardella Pendock,13,Chile,San Pedro de Atacama,0650 Eastlawn Avenue,2,84616 Northview Alley,5323 Wayridge Crossing
3939668,Daffie Hovell,35,Chile,Rengo,1 Vahlen Place,9,345 Heffernan Place,7 Arizona Trail
3815798,Adrien Verillo,54,Chile,Diego de Almagro,11609 Butterfield Pass,0,054 Village Crossing,235 Namekagon Way
4728179,Susann Smalles,97,Chile,La Serena,22653 Moland Drive,5,97 Browning Alley,88040 Bunker Hill Center
3878519,Hogan Peidro,72,Chile,Machalí,44362 Lakewood Circle,11,7550 Transport Hill,9 Brickson Park Court
3852297,D'arcy Kingaby,57,Chile,Vilcún,238 Scott Junction,11,56 Columbus Court,20 Bunting Road
4449956,Fran Knellen,93,Chile,Rauco,55 Packers Street,10,3273 Grover Avenue,27239 Loftsgordon Place
4708121,Grantham Ebenezer,93,Chile,Río Bueno,89441 Drewry Point,5,70659 Hansons Park,455 Glacier Hill Drive
3385917,Fields Buckwell,19,Chile,Mulchén,5 Kedzie Court,9,1085 Crowley Court,3 Bashford Alley
3131743,Janina Hardcastle,21,Chile,La Serena,63 Stone Corner Avenue,2,542 Graedel Trail,754 Johnson Parkway
3091146,Bernard Milmoe,12,Chile,Graneros,184 Anthes Place,2,404 American Ash Avenue,09189 Pine View Plaza
4840885,Willis Handley,60,Chile,Loncoche,3 Veith Terrace,6,133 Eastwood Trail,0 Amoth Crossing
3834228,Constantine McEntagart,77,Chile,Остров Пасхи,6520 Fairfield Circle,2,78703 Bunker Hill Alley,43 Manley Lane
4835281,Lock Farren,23,Chile,Molina,7481 Green Terrace,0,5 La Follette Pass,771 Anthes Park
3678908,Bear Ferbrache,97,Chile,Lautaro,0035 Clyde Gallagher Court,10,04628 Carberry Drive,1662 Corben Junction
3402281,Ariana Waine,2,Chile,Santa Cruz,37 Straubel Avenue,7,38 Loomis Road,4625 Center Terrace
4429668,Emlyn Attwoull,31,Chile,Freire,4 Judy Trail,4,8433 Carberry Pass,4834 Kenwood Trail
3701526,Marquita Pavlovsky,39,Chile,Ovalle,786 Fallview Place,11,7433 Golf View Point,108 Longview Park
4558644,Davis Brisson,7,Chile,Cabrero,60 Porter Terrace,1,90 Mallard Crossing,1 Dorton Plaza
3670953,Hollie Santoro,64,Chile,Puerto Aisén,69693 Lakeland Way,11,8 Delaware Crossing,624 Delaware Avenue
4976752,Mar Ellacombe,20,Chile,Angol,882 Park Meadow Way,3,16768 Holmberg Alley,6 Erie Place
3574372,Misti Craigie,97,Chile,Graneros,7 Dovetail Trail,9,6 Del Mar Street,5567 Clemons Point
4649667,Konstance Stopps,49,Chile,Lebu,98081 Haas Center,9,00336 Tennyson Circle,757 Jana Circle
3067448,Edgardo Longley,15,Chile,Los Ángeles,09 Wayridge Drive,5,58 New Castle Trail,1 Hollow Ridge Drive
4497794,Constantina Sawney,56,Chile,Antofagasta,98716 Moland Drive,2,7 Duke Crossing,18073 Cascade Drive
4360686,Erasmus Sainte Paul,95,Chile,Valdivia,4170 Mesta Lane,6,5711 Evergreen Center,597 Jenifer Point
3813565,Wayland Jope,6,Chile,Corral,9 Duke Court,5,5 Cambridge Court,5 Kennedy Parkway
3232063,Ennis Fair,14,Chile,Limache,86543 Carpenter Terrace,5,4 Dayton Crossing,835 4th Lane
3231060,Jeno Bryson,86,Chile,Rancagua,6203 Luster Parkway,3,2 Warbler Drive,8777 Reindahl Place
4518562,Pepi Shear,23,Chile,Rengo,217 Sauthoff Way,4,3 Pond Avenue,9221 Sage Way
4743394,Marja Blore,74,Chile,Freire,39 Daystar Trail,2,715 Farragut Alley,6305 Tony Circle
4291315,Kitti Maisey,49,Chile,Santa Cruz,9 Donald Park,11,57 Shasta Pass,7 Goodland Lane
4833854,Lucy Kull,93,Chile,Puerto Quellón,5 Doe Crossing Hill,9,065 Sutherland Trail,0183 Thompson Way
4618748,Cheston Dun,96,Chile,Остров Пасхи,711 Pepper Wood Way,0,456 Pond Street,735 Prentice Trail
4562092,Brianne Boyen,45,Chile,Salamanca,0 Debra Park,2,18 Melody Way,3 Sloan Junction
3067611,Wally Mosedill,20,Chile,San Bernardo,48162 Mcguire Drive,10,50850 Carpenter Way,05836 Old Shore Terrace
3391400,Marietta Guinery,15,Chile,Penco,8 Daystar Way,0,26 Chive Park,71746 Londonderry Court
3651650,Demetre Reekie,48,Chile,Vicuña,021 Towne Road,3,32 Heath Street,0451 Green Junction
3069038,Taylor Laidel,6,Chile,Corral,87183 Waxwing Place,6,045 Clarendon Place,13 Hansons Center
4887214,Daven Olivella,89,Chile,Lo Prado,96 Granby Pass,9,1 Lukken Hill,5402 American Ash Hill
4967201,Maurita Gerge,19,Chile,Villa Alemana,21930 Marquette Lane,9,48361 Porter Parkway,6836 Esch Alley
4139335,Wally Lusgdin,43,Chile,Rengo,6 Mitchell Street,12,28 Summer Ridge Pass,25 Melody Avenue
3426344,Sollie Theurer,73,Chile,Vilcún,1851 Longview Point,12,6 Logan Parkway,6 Longview Trail
3500891,Harlan Welch,49,Chile,Quillota,39770 Sullivan Parkway,10,23 Oak Valley Point,6 Heath Park
4485083,Birgit Tooze,57,Chile,Loncoche,82 Debra Street,4,58418 Hollow Ridge Hill,4656 Memorial Road
4478466,Daveta Bischop,15,Chile,Остров Пасхи,5 Randy Pass,5,8 Jay Center,8 Brickson Park Parkway
4202104,Ken Rraundl,25,Chile,Arauco,8 Ramsey Parkway,0,2 Merrick Point,730 Hermina Avenue
4258749,Rochell Follacaro,31,Chile,Talcahuano,5256 Hintze Plaza,1,798 Spaight Court,3 Vahlen Road
4751062,Virgilio Aleksankin,62,Chile,Melipilla,761 Hermina Crossing,10,675 Prentice Place,37366 Bluejay Hill
4328372,Obediah Airton,74,Chile,Melipilla,9 Oakridge Drive,10,65 Carey Hill,6 Larry Parkway
3725536,Job Le Batteur,36,Chile,Villarrica,6772 Monica Avenue,3,94834 Schurz Alley,8 Clarendon Court
3701274,Laurena Laffranconi,24,Chile,San Carlos,55306 Russell Parkway,7,43910 Waubesa Trail,6403 Ryan Alley
4838980,Berny Bonham,87,Chile,Punta Arenas,67 Spohn Parkway,6,7354 Onsgard Point,63813 Elka Court
3233964,Wilhelmine Guinery,38,Chile,Chillán,711 Arizona Way,9,04 Nova Trail,33218 Crowley Way
4466390,Dyan Dauney,97,Chile,Nacimiento,761 Hazelcrest Hill,9,18013 Comanche Park,9622 Thackeray Junction
4274468,Jacklin Ratledge,43,Chile,Valparaíso,5 Moose Plaza,4,9 Pond Road,6 Reindahl Parkway
3655732,Cass Spitell,24,Chile,Cartagena,7 Lakewood Circle,7,41503 School Parkway,38 Muir Drive
4340082,Terrel MacKartan,16,Chile,Purranque,2422 Mccormick Way,2,21319 Dexter Street,36 Summerview Way
3475446,Kari Kusick,65,Chile,Hacienda La Calera,9 Stone Corner Park,5,690 Sheridan Terrace,39620 Meadow Vale Road
3139171,Stephenie Kirkman,88,Chile,Valdivia,6046 Mcguire Lane,5,0646 Columbus Lane,9 Kropf Way
3064092,Ravid Ors,97,Chile,Traiguén,5 Johnson Point,12,5 New Castle Court,39547 Summerview Crossing
4751755,Thalia Rapier,66,Chile,Palena,7 Summer Ridge Court,12,1 Monument Pass,094 Maywood Road
4108761,Janette Braun,84,Chile,Chillán,563 Bowman Court,1,28531 Warbler Pass,3079 Straubel Place
4750795,Waylen Berard,13,Chile,Pichilemu,85 Arkansas Road,4,2 Nancy Way,2413 Darwin Point
3842574,Bobbi London,51,Chile,Angol,46699 Sheridan Road,6,24 Menomonie Junction,95563 Moland Plaza
3260937,Hertha Toombs,9,Chile,Salamanca,04931 Larry Avenue,2,52944 Marquette Plaza,75367 Meadow Valley Pass
4106264,Avram Buddell,90,Chile,Arauco,8315 Erie Place,8,09 Truax Parkway,48688 Northview Parkway
4093458,Maridel Pride,17,Chile,Puente Alto,53 Springview Avenue,7,62 Lotheville Street,0 Crownhardt Pass
4560772,Dexter Benzing,52,Chile,Остров Пасхи,71 Montana Terrace,6,8026 Thackeray Center,0 Hazelcrest Avenue
4736001,Buffy Job,55,Chile,Coronel,4 Park Meadow Court,3,186 Onsgard Junction,2 Wayridge Drive
3959090,Ulises Pidler,35,Chile,Pitrufquén,94 Granby Circle,0,775 Victoria Court,4383 Commercial Way
4390887,Joline Mussington,5,Chile,Vallenar,1 Rusk Place,3,04 1st Court,767 Upham Place
3088911,Cristi Dallimare,34,Chile,Vallenar,0 Roxbury Parkway,7,93511 Spaight Plaza,73 Melvin Pass
3999585,Dona Lenton,26,Chile,Chillán,9 Norway Maple Court,3,81 Pepper Wood Street,33223 Forest Run Plaza
3150498,Bryn Cargo,95,Chile,Chillán,3641 Green Ridge Plaza,8,75 Novick Way,546 Homewood Alley
4599675,Hermon Layzell,14,Chile,Traiguén,3663 Merry Point,3,54381 Acker Road,738 Oneill Alley
3404529,Amelita Chaperling,35,Chile,Melipilla,7656 Doe Crossing Alley,12,670 Rigney Hill,918 Steensland Trail
4545905,Tatiana Basill,98,Chile,Los Andes,858 Boyd Parkway,8,67506 Bultman Circle,7 5th Plaza
3953537,Jeralee Mordaunt,24,Chile,Freire,156 Straubel Plaza,5,33595 Pond Plaza,35622 Laurel Point
4958992,Lorie Labdon,94,Chile,Tomé,26762 Hintze Alley,12,5 Oriole Circle,5693 Kipling Drive
4240563,Brittan Dudmarsh,29,Chile,Puerto Cisnes,155 Texas Trail,7,821 Riverside Center,55 Eastlawn Street
3177475,Leeanne Oselton,91,Chile,Rancagua,411 Bayside Park,0,2 Laurel Park,50 Westridge Way
4392452,Maxine Skermer,74,Chile,Quilpué,3913 Hovde Alley,9,439 Glendale Plaza,34 Corben Place
3851095,Dari Marfe,68,Chile,Puente Alto,06214 Del Mar Street,11,40 Commercial Hill,08821 Westport Alley
3847170,Ilene Pavkovic,58,Chile,Graneros,4359 Corry Hill,1,8 South Park,684 Sutherland Pass
3114266,Morgan Abbott,21,Chile,Puyehue,8 High Crossing Junction,2,229 Sheridan Drive,8 Heath Plaza
3641692,Lutero Cheng,13,Chile,Graneros,5 Monument Place,11,6 Kingsford Alley,8 Orin Way
3654083,Hobey Jaspar,16,Chile,Vallenar,03161 Canary Court,3,120 Declaration Road,0 Del Sol Plaza
4792383,Terri-jo Le Quesne,17,Chile,Puerto Aisén,0071 Crownhardt Alley,9,1 Forest Point,94583 Loftsgordon Way
3768701,Juli Elkins,68,Chile,Vilcún,7006 Rockefeller Crossing,7,2 Anniversary Plaza,23 Beilfuss Point
3506320,Kipp Hyndman,16,Chile,La Unión,593 Prairieview Plaza,5,66 Arkansas Lane,2274 Algoma Drive
3509015,Kennith Seiller,7,Chile,Puyehue,6 Sachtjen Terrace,8,6 Logan Alley,648 Westerfield Street
4962895,Giorgio Chaplyn,78,Chile,San Felipe,307 Hooker Road,0,441 Eggendart Street,7273 Independence Center
4804741,Vi Getcliff,1,Chile,Punta Arenas,9 Redwing Hill,5,637 Hazelcrest Parkway,8 2nd Point
4606241,Humfrid Lere,93,Chile,Lota,0836 Wayridge Court,6,7707 Fairview Way,7 Prentice Street
4513844,Maybelle Hembling,9,Chile,La Ligua,8804 Melody Crossing,12,170 Menomonie Junction,59 Village Green Lane
3519034,Thornton Lung,96,Chile,Freire,9709 Glendale Plaza,12,6475 Morningstar Road,049 Northland Parkway
3901934,Hagan Busk,35,Chile,Iquique,0879 Grasskamp Avenue,12,08684 Park Meadow Park,5424 7th Crossing
4229652,Karena MacTavish,57,Chile,Mulchén,712 Kings Alley,9,75755 Raven Junction,4248 Dryden Plaza
4931950,Ted Smorfit,7,Chile,San Antonio,97 Loftsgordon Avenue,2,00 Golf View Plaza,837 Corry Alley
3225057,Amandie Jeacock,1,Chile,Palena,5 Delaware Court,10,792 Gerald Lane,31869 Birchwood Alley
3391654,Esmaria Lernihan,99,Chile,Santa Cruz,3 Shopko Center,1,1 Summer Ridge Street,44 Monica Drive
4946056,Arch Challenor,76,Chile,Peñaflor,4076 Center Crossing,9,7575 International Trail,31220 Coleman Junction
4155280,Derrick Foulger,82,Chile,Lampa,5162 Lighthouse Bay Court,4,898 Ramsey Hill,6 Lillian Pass
4341727,Tabbi Stanesby,3,Chile,Diego de Almagro,0941 Crest Line Point,10,61876 Dovetail Place,868 Spohn Terrace
4215207,Michel Wudeland,20,Chile,Vallenar,7136 Mcguire Alley,0,6 Boyd Junction,88 Starling Way
4440868,Ferdinanda Skeldinge,97,Chile,Pitrufquén,31 Golf Course Parkway,9,6 Ryan Place,0 Meadow Valley Court
3178694,Law Waterman,42,Chile,Lota,5 Dennis Trail,10,1816 Ilene Street,462 Everett Place
3364442,Vaughn Baylay,51,Chile,Pichilemu,141 Sherman Way,6,2 Delaware Junction,5 Nobel Trail
4621817,Kathy Kisar,79,Chile,Lautaro,72 Quincy Alley,4,1 Forest Dale Trail,4491 Express Crossing
3338518,Phillipp Bartoloma,79,Chile,Vicuña,9 Sullivan Place,1,383 Muir Point,52 Scoville Junction
3950037,Falkner Ellingsworth,50,Chile,Villa Alemana,9080 Pearson Court,4,7487 Algoma Street,34 Continental Lane
4042603,Britni Zamudio,16,Chile,Linares,7165 Lerdahl Trail,0,9 Bashford Place,33 Rowland Drive
3199282,Ulises Dacey,44,Chile,Ovalle,9169 Tennessee Pass,2,4 Ruskin Trail,35 Almo Circle
4461667,Daisi Campbell,60,Chile,Los Andes,45869 Huxley Hill,5,02816 Hovde Crossing,1933 International Hill
4127508,Emmaline Westley,94,Chile,Calbuco,99 Graedel Trail,6,1406 Brentwood Plaza,20245 Vermont Street
4317632,Arlie O'Riordan,3,Chile,Frutillar,73054 Quincy Hill,11,80 7th Crossing,4 Elka Alley
4252963,Moina Paskin,43,Chile,Teno,202 Sugar Parkway,11,4 Colorado Pass,57936 Waxwing Lane
3527865,Tore Gryglewski,93,Chile,Lebu,01 Thompson Drive,9,79239 Green Street,33 David Way
4161471,Gretta Sotham,42,Chile,Vicuña,18114 Haas Park,3,03 Melrose Center,3515 Mallory Street
3561433,Therese Hanselmann,47,Chile,Panguipulli,1 Westerfield Lane,4,5572 Macpherson Alley,080 Schlimgen Center
3855026,Roderigo Rowthorn,45,Chile,Coihaique,97843 Blaine Avenue,6,79 Ohio Pass,2 Moose Court
3499429,Ennis Matsell,17,Chile,Machalí,33249 Corry Parkway,9,984 Quincy Way,555 Golf Course Place
3537730,Eleonore De Vere,81,Chile,Río Bueno,56289 Erie Place,4,0176 Hermina Parkway,995 Loomis Crossing
3111237,Sada Baldick,14,Chile,San Bernardo,964 Erie Street,10,0036 Mesta Lane,4323 Grover Point
3392079,Ignazio Tuckey,29,Chile,Lo Prado,86 Warbler Way,12,45372 5th Circle,11 Mallory Street
3732239,Reggie Phillpot,37,Chile,La Laja,659 Sachs Place,2,191 Stuart Court,3 Bluejay Court
4731059,Shelagh Fausset,67,Chile,Lo Prado,4 Hovde Crossing,4,85806 Prentice Place,7513 Badeau Park
3412902,Denny Marjanovic,19,Chile,Pitrufquén,443 Del Mar Pass,3,980 Main Park,30 Starling Plaza
4313477,Cecilla Scamaden,63,Chile,Graneros,11237 Forest Run Avenue,3,25 Shoshone Hill,0354 Sutherland Point
3521131,Xavier Strooband,37,Chile,Valdivia,58 Canary Street,1,4 Beilfuss Junction,7 Myrtle Trail
4564168,Corbie Townend,63,Chile,Rancagua,411 Scoville Pass,4,422 Bayside Crossing,8 Ruskin Junction
3810938,Dougy Rignoldes,1,Chile,Vallenar,0 Melby Street,2,9476 Eastlawn Lane,538 Main Drive
4970047,Alvis Brayley,1,Chile,Villa Alemana,6 Garrison Crossing,8,10702 3rd Plaza,3351 Upham Way
3630007,Marcile Dockrill,70,Chile,Calbuco,637 Leroy Alley,8,35777 Vermont Pass,1 Hermina Drive
4668061,Carmen MacLise,30,Chile,Temuco,49 Banding Road,2,884 Nancy Hill,1133 Dwight Place
3549857,Josiah Bowsher,35,Chile,Pitrufquén,2 Rusk Junction,12,58845 Pankratz Street,1047 Melrose Parkway
3665540,Elvira Dunderdale,73,Chile,Puerto Cisnes,2420 Thackeray Avenue,3,8 Bluestem Way,0 Independence Court
4016690,Gerianne Parnall,14,Chile,Hacienda La Calera,3631 Nova Pass,5,2 Gina Point,225 Scoville Park
3632282,Augie Cornuau,86,Chile,Monte Patria,33478 Kensington Center,1,84 Superior Alley,7 6th Terrace
3753225,Cornell Humphris,77,Chile,Lota,7746 Ruskin Road,6,85332 Toban Pass,305 Aberg Avenue
3979513,Angelle Zanazzi,12,Chile,La Laja,35 Moose Center,7,4 Redwing Center,25 Arizona Street
4575593,Fergus Berrycloth,6,Chile,Linares,78826 Oak Valley Point,0,91 4th Plaza,09465 Lien Crossing
3862195,Willard Kareman,89,Chile,Victoria,609 Golden Leaf Avenue,8,30596 Huxley Road,2 Muir Circle
4279717,Filippa Briddock,88,Chile,Chillán,407 Riverside Park,2,77630 Blackbird Road,79 Kropf Road
3760451,Kaine Gaber,47,Chile,Rancagua,8 Hagan Point,5,496 Jenna Terrace,591 Commercial Hill
4748314,Jonah Tuft,87,Chile,Llaillay,045 Old Shore Crossing,9,80 Rockefeller Park,8879 Columbus Parkway
4971022,Joana Roback,3,Chile,Iquique,97609 Old Shore Park,9,6 Milwaukee Point,89007 Shopko Terrace
3184555,Viki Sallans,96,Chile,Puerto Montt,41417 Oak Valley Junction,10,64542 Manley Parkway,54214 Spenser Way
3420602,Jaquelin Giles,69,Chile,Остров Пасхи,04 6th Court,7,2 Prairie Rose Terrace,101 Vahlen Point
3444415,Nataniel Shervil,76,Chile,Valdivia,76870 7th Terrace,1,9 Florence Point,24256 Longview Road
3980129,Jay Nardoni,95,Chile,Frutillar,036 Summerview Plaza,2,9 Riverside Road,5 Calypso Park
4141153,Glory Long,93,Chile,Santiago,845 Marcy Circle,11,45 Hazelcrest Court,512 Mayfield Plaza
3863983,Alysia VanBrugh,32,Chile,Peñaflor,01135 Reinke Drive,9,41535 Arrowood Avenue,02334 Jay Alley
3122234,Ximenez MacIlory,34,Chile,Ovalle,68 Comanche Drive,11,811 Thierer Pass,30339 Dapin Avenue
4724674,Allyson Huitson,68,Chile,Bulnes,0 Autumn Leaf Drive,4,7 Eagle Crest Street,75 Del Mar Alley
4210044,Henryetta Ferebee,6,Chile,Quilpué,0634 Emmet Pass,9,2742 Bashford Junction,1 Bellgrove Park
3917250,Domenico Hamlyn,75,Chile,Quilpué,68626 Jana Crossing,5,90 Sheridan Place,30 Magdeline Crossing
3837366,Mervin Dispencer,96,Chile,El Monte,6102 Lakewood Gardens Drive,6,6805 Troy Avenue,41 Melby Avenue
3439341,Lionello Shimoni,23,Chile,Puyehue,6 Arrowood Park,4,79695 South Court,907 Daystar Trail
4095624,Quinlan Nornable,90,Chile,Puente Alto,989 Lunder Avenue,2,42 Eggendart Road,29 American Ash Place
4598457,Fidole Mallall,53,Chile,Puerto Quellón,04710 Milwaukee Plaza,11,54924 Hoard Place,980 Bartelt Junction
4037936,Sidnee Ruddock,32,Chile,Puerto Varas,57604 Hooker Pass,4,2 Hollow Ridge Drive,3 Riverside Parkway
3258223,Kaila MacCrosson,58,Chile,La Laja,82 Ruskin Circle,11,099 Little Fleur Lane,8 Vernon Alley
3628776,Cecil Altoft,72,Chile,Puerto Aisén,60 Tony Alley,7,30875 Stone Corner Drive,85 David Alley
3662175,Rivalee Bordone,22,Chile,Peñaflor,7 Service Street,0,3 1st Street,65 Fuller Trail
4210036,Selig Snoad,58,Chile,Santa Cruz,4485 Maywood Alley,0,1292 Harper Road,9752 Bashford Park
4160624,Yoshi Fawcus,7,Chile,Puerto Cisnes,15799 Walton Trail,11,28175 Johnson Drive,3561 Butterfield Terrace
3621965,Anna-maria Baguley,50,Chile,Temuco,91 Morningstar Plaza,10,818 Forest Avenue,6 Saint Paul Alley
4498945,Gian Snufflebottom,86,Chile,Cañete,118 Warbler Road,12,595 Donald Avenue,91077 Crescent Oaks Avenue
4791073,Anne-corinne Bruckmann,73,Chile,San Felipe,63444 Clemons Street,5,91 Roth Street,51 Union Junction
3089552,Celinda O'Hern,86,Chile,San Felipe,2 Eggendart Road,12,393 Haas Circle,89618 Logan Drive
3945326,Codi Curling,2,Chile,La Laja,6582 Monica Court,10,366 Linden Crossing,2 Amoth Circle
4447124,Garek Hambidge,73,Chile,Cabrero,3208 Glacier Hill Avenue,2,14568 Lillian Way,988 Fisk Crossing
3722823,Aggie Barles,74,Chile,Iquique,434 Magdeline Lane,4,8 Glendale Parkway,38192 Tennessee Pass
4934170,Johnathan Wimpey,70,Chile,San Antonio,2 Victoria Terrace,0,64 Golf View Crossing,87 Beilfuss Hill
4320260,Drucy McAirt,90,Chile,Villarrica,05571 Nevada Terrace,12,70 Sycamore Crossing,118 Lakewood Gardens Circle
3811530,Foss Godbald,92,Chile,Futaleufú,79 Daystar Road,0,885 Center Terrace,5492 Dexter Road
4309644,Noni Stealey,56,Chile,Rauco,44 Barby Center,5,04774 Rigney Trail,04 Blue Bill Park Crossing
3253478,Jo ann Ivakhnov,58,Chile,San Carlos,2273 Algoma Point,4,08861 Grim Avenue,17 Del Mar Pass
3725655,Albie Harkus,52,Chile,Остров Пасхи,4 Mosinee Plaza,9,13151 Mcbride Terrace,5002 Blaine Place
3264685,Talbert Stirzaker,75,Chile,Los Ángeles,72410 Lien Terrace,5,65 Monica Road,9 Butterfield Center
3543813,Nani Larmuth,8,Chile,Vilcún,45 Gale Plaza,10,4408 Service Place,9 Dawn Junction
4657725,Shaw Andraud,74,Chile,Tocopilla,3 Graceland Drive,9,4 Armistice Way,92 Canary Alley
4368416,Alyssa Edmeades,95,Chile,Cañete,66942 Pleasure Terrace,12,0 Service Point,70 Badeau Crossing
4262264,Devi Broszkiewicz,30,Chile,Las Animas,72004 Shelley Court,6,4114 Forest Dale Court,85 Meadow Ridge Point
4602389,Reeba Eronie,46,Chile,Graneros,639 Summer Ridge Avenue,2,80201 Buhler Crossing,4 Jana Street
3677754,Costanza Ronchka,14,Chile,Melipilla,4669 Fieldstone Alley,10,99570 Moulton Street,63906 Kingsford Point
3395940,Cody Resdale,19,Chile,Cartagena,751 Kropf Park,11,01 Tennessee Pass,16 Mendota Pass
3316955,Berry Siddons,33,Chile,Puerto Cisnes,436 Melrose Avenue,6,3 Fairview Street,816 Menomonie Trail
4866409,Rebekah Crowcroft,84,Chile,Panguipulli,8334 Moulton Avenue,9,47 Algoma Terrace,41 Goodland Plaza
3488170,Moises Allcott,2,Chile,"Villa Presidente Frei, Ñuñoa, Santiago, Chile",4 Judy Plaza,6,25767 Surrey Street,4 Straubel Crossing
4422211,Miof mela Elloit,12,Chile,Iquique,0178 Emmet Point,11,6041 Dapin Park,56 Steensland Junction
4361037,Deena Averay,1,Chile,Corral,83 Trailsway Alley,3,47 Bellgrove Plaza,80626 Rockefeller Plaza
3947599,Kym Ochterlony,33,Chile,Concepción,0 Golf Course Center,3,347 Dunning Point,213 Meadow Valley Road
4936737,Lu Smither,12,Chile,Panguipulli,162 Sommers Point,8,2 Onsgard Road,3 Boyd Pass
4384649,Garrard Rainsbury,27,Chile,Chonchi,4685 Bultman Plaza,7,6651 Westridge Lane,371 Pleasure Alley
3149501,Anallese Norval,69,Chile,Rengo,9 Golf Course Road,11,5 Melby Pass,87 Milwaukee Pass
4044388,Joceline Orring,97,Chile,Mulchén,877 Westport Circle,10,57757 Blaine Drive,7 Moulton Center
3614867,Anne Reavell,71,Chile,Melipilla,2 Amoth Road,9,99 Vernon Drive,55 Mallard Crossing
3007691,Adi Scarf,29,Chile,Tomé,98 Buell Circle,9,05918 Summerview Crossing,2 Merry Terrace
3407397,Neile Stapele,18,Chile,Cañete,3 Forest Run Street,9,02 Coleman Trail,71 Summit Alley
3900769,Livy Gouth,21,Chile,San Vicente,52740 Moose Pass,12,4 Prairieview Center,9 Sutherland Junction
4616922,Chelsae Montgomery,59,Chile,La Ensenada,46239 Kenwood Way,3,4839 Straubel Park,32 Ridgeway Crossing
3293727,Vasily Malpas,79,Chile,Lota,878 Dunning Road,10,6540 New Castle Junction,71 Red Cloud Park
3457066,Clare Bard,22,Chile,Angol,8347 Mallard Terrace,11,513 Spaight Pass,78 Stang Alley
4123159,Felike Adcocks,20,Chile,Río Bueno,48696 Village Parkway,2,4689 Lake View Terrace,0072 Holmberg Court
3131394,Bonnee Emsden,57,Chile,Puerto Cisnes,5 Sauthoff Trail,9,63 Aberg Park,283 Bluejay Parkway
3736904,Sullivan Sauven,75,Chile,Chiguayante,06065 Saint Paul Avenue,3,9061 Dorton Pass,218 Anthes Court
3014571,Carling Brewers,27,Chile,Vallenar,8675 Waxwing Place,11,0 2nd Point,074 6th Drive
4107744,Geoff Relf,37,Chile,Talcahuano,2685 Oakridge Hill,4,9217 Luster Trail,2 Golf Course Plaza
3836241,Shirline Greenhalf,55,Chile,Loncoche,8949 Tomscot Pass,7,654 Old Shore Crossing,2 Continental Plaza
3101089,Von Gumme,20,Chile,Puerto Natales,37 Toban Hill,3,0443 Sunbrook Terrace,23 Dwight Crossing
4247606,Martie Pomfret,14,Chile,"Villa Presidente Frei, Ñuñoa, Santiago, Chile",0790 Merry Avenue,2,854 Vernon Terrace,124 Menomonie Crossing
3301054,Arvin Waterstone,89,Chile,Molina,368 Mcbride Circle,12,02 Erie Park,5235 Arapahoe Avenue
3232650,Tessa Swatton,91,Chile,Osorno,15 Tennessee Center,4,8635 Bunting Avenue,52941 Grayhawk Terrace
4644386,Caro Schofield,16,Chile,Nueva Imperial,889 Acker Point,5,80310 Scoville Lane,9 Blue Bill Park Place
4617335,Kerry Cours,7,Chile,Valparaíso,20500 Marcy Lane,12,3867 Memorial Drive,52 South Avenue
3076686,Nicolas Andreone,48,Chile,Salamanca,461 Truax Terrace,3,1 Dayton Way,2 Bartillon Pass
4291691,Maryl Priestley,22,Chile,Peñaflor,3 Vernon Way,8,543 8th Park,8 Springs Circle
4130500,Hollyanne Wendover,9,Chile,Lebu,0 North Pass,0,698 Logan Terrace,64794 Merchant Drive
4943556,Sayres Cobbin,28,Chile,Puerto Montt,30242 Iowa Drive,5,68842 Daystar Drive,69 Stuart Lane
4272259,Stanton Burgise,18,Chile,Lebu,9182 Luster Place,2,0323 Eastlawn Point,818 Kensington Pass
4004152,Gayelord Millsap,3,Chile,Cartagena,9168 Rigney Terrace,4,5 Sullivan Circle,6 Kipling Alley
3681826,Annaliese Klein,39,Chile,Chonchi,44 Grover Avenue,11,46261 Dorton Way,78 Lakeland Street
3027673,Grady Dunsford,68,Chile,Putre,125 Melvin Junction,1,708 Memorial Plaza,0 Rockefeller Place
3000127,Leigh Greensall,31,Chile,Arauco,4421 Dixon Road,4,0 Lakewood Court,44819 Pearson Parkway
3877615,Nealy Flear,49,Chile,Purranque,26516 Dixon Hill,8,55327 Thierer Place,386 Bobwhite Street
4542402,Harriot Droghan,63,Chile,Tocopilla,600 Doe Crossing Terrace,5,1 Goodland Circle,9 Bartillon Drive
3499877,Keely Ellit,1,Chile,Antofagasta,066 Troy Place,6,8793 Prairieview Place,7677 Eastlawn Road
3171684,Annadiane Newtown,100,Chile,San Carlos,6117 Graceland Terrace,9,92936 Melvin Circle,9296 Ramsey Circle
3784796,Margi Woolacott,21,Chile,Osorno,69632 Bunker Hill Place,6,511 Carberry Center,99650 Roth Street
3566303,Estell Kapiloff,45,Chile,Longaví,33 Manley Junction,1,34966 Blue Bill Park Point,2635 Raven Plaza
4124981,Roxanna Beedon,33,Chile,Chile Chico,587 Starling Center,0,583 Tennessee Street,7215 Fairfield Place
3116265,Katina Heighton,2,Chile,Calbuco,2077 Lakewood Court,10,7181 Anniversary Drive,436 Brentwood Street
3750248,Corinne Payle,27,Chile,Lampa,353 Cordelia Way,0,5480 Troy Drive,50203 Sachs Road
3967441,Nappy Yakhin,12,Chile,Puerto Aisén,33 Canary Street,2,9337 Huxley Street,696 Farragut Avenue
3114633,Paige Parnall,66,Chile,Valdivia,9 Lillian Way,10,7 Pond Hill,00658 Armistice Road
4094277,Thaine Pitkeathly,99,Chile,Santa Cruz,2 Eagle Crest Pass,2,9 Calypso Place,625 Nova Drive
3957091,Pall Allery,52,Chile,Puerto Quellón,122 Rowland Hill,8,52 Carey Court,61 Iowa Avenue
3301756,Lezley Santori,68,Chile,Limache,821 Sugar Avenue,11,82 Gateway Hill,15172 Ohio Street
3333153,Lira Shankland,81,Chile,San Vicente,4833 Bowman Lane,6,5666 Bluestem Terrace,90913 Hermina Drive
4606035,Jack Coughlin,40,Chile,El Tabo,1082 Sullivan Terrace,3,67486 Dryden Parkway,52059 Westport Center
4692527,Drona Godleman,42,Chile,Puerto Cisnes,1057 Oakridge Point,1,453 Butternut Circle,3587 Hooker Crossing
4335618,Paddie Passie,11,Chile,Cartagena,9926 Nobel Alley,9,1 Messerschmidt Road,6 Eagle Crest Terrace
4226106,Junina Baccup,15,Chile,Cartagena,00 Garrison Lane,7,69 Summer Ridge Plaza,320 Carey Plaza
3192348,Gilberte Barthelmes,78,Chile,"Villa Presidente Frei, Ñuñoa, Santiago, Chile",982 Manitowish Terrace,7,59672 New Castle Road,161 Crescent Oaks Hill
3281920,Brandy Waddoups,89,Chile,Llaillay,238 Westport Street,6,018 Milwaukee Place,3 Graceland Center
3837004,Myrtie Ricker,35,Chile,Vilcún,936 Monterey Place,12,88 Ridgeway Trail,5275 Hauk Drive
3177928,Almire Coggins,72,Chile,Tomé,2 4th Center,12,92 Myrtle Court,639 Tennyson Point
4558913,Ivett McWhirter,40,Chile,Diego de Almagro,4370 Buell Circle,1,48076 Warrior Way,51 Grayhawk Park
3600100,Margarethe Hassur,48,Chile,Villa Alemana,6639 Express Trail,6,6486 Dennis Center,0164 Forster Lane
3242656,Fabe Kail,71,Chile,Talagante,51341 Northland Pass,5,9463 Onsgard Court,54 Leroy Hill
4763079,Nita Picton,24,Chile,Rauco,4 Lerdahl Court,6,6 Brown Court,28258 Orin Crossing
4052356,Gene Godwin,94,Chile,Valparaíso,9429 Forest Dale Pass,11,60980 Texas Road,5806 Continental Crossing
3997752,Joelynn Trinke,88,Chile,Lampa,35 Hermina Park,10,1466 La Follette Place,0462 Bashford Junction
4090237,Kevina Durant,69,Chile,Villa Alemana,00 Carey Crossing,9,226 Sommers Road,12 American Ash Plaza
4065063,Evey Kingscote,14,Chile,Illapel,87 Division Alley,3,12 Morrow Place,00 Dakota Crossing
3417317,Clyve Swine,68,Chile,Salamanca,525 Lake View Circle,3,2 Vera Crossing,4900 Hayes Crossing
3124509,Addison McManamon,71,Chile,Iquique,058 Burrows Point,4,0821 Sauthoff Road,0 Michigan Terrace
4587471,Gordie Prebble,27,Chile,Nueva Imperial,94286 Hermina Junction,8,389 Golf Course Plaza,48104 Arkansas Hill
3806483,Ulrikaumeko Cudiff,13,Chile,Molina,8649 Thierer Court,11,80947 Summer Ridge Center,21079 Truax Alley
4293792,Krystal Anthona,45,Chile,Coronel,31 Rockefeller Plaza,6,0807 Pawling Alley,449 Orin Point
4514887,Lorri Commusso,79,Chile,Puerto Varas,00605 East Center,8,40437 Tennessee Lane,71 Ludington Pass
3755208,Barth Gifford,30,Chile,Puerto Cisnes,934 Walton Lane,10,21998 Ohio Circle,4 Dwight Hill
4582077,John Boland,83,Chile,San Vicente,93338 Talmadge Road,6,302 Crowley Parkway,0 Grover Parkway
3329696,Leila Bolderstone,25,Chile,San Bernardo,3 Havey Road,11,0 Parkside Place,3 Longview Junction
3858223,Jaine Meadmore,62,Chile,Pitrufquén,1 Lukken Trail,2,9225 Shoshone Terrace,735 Melvin Crossing
4191993,Sutton Reasce,35,Chile,Palena,5835 Cordelia Avenue,11,073 Dixon Plaza,99 North Park
4014491,Gui Lovart,24,Chile,Teno,1965 Londonderry Trail,9,054 Summit Parkway,4981 Eliot Drive
3827316,Branden Manjot,50,Chile,La Ligua,332 Glacier Hill Lane,10,8 Steensland Plaza,4963 Stoughton Road
4527136,Robenia Rowley,89,Chile,Diego de Almagro,6050 Meadow Ridge Junction,3,7 Messerschmidt Alley,8601 Dapin Plaza
4946525,Genia Lane,37,Chile,Остров Пасхи,37 Stoughton Circle,8,523 Jenna Avenue,54 Fair Oaks Road
4621740,Marcelia Duckitt,91,Chile,San Pedro de Atacama,08 Gale Circle,5,60 Sunbrook Court,73 Pine View Junction
4611735,Perceval Kmicicki,87,Chile,Taltal,4 Emmet Way,8,86 Hudson Circle,298 Emmet Way
4350489,Isadora Agron,69,Chile,Chillán,9410 Warrior Court,11,6337 Barnett Hill,73 Forest Run Trail
4405747,Ky Ioselev,1,Chile,Vallenar,26 Towne Street,0,25872 Northridge Drive,17261 Fallview Street
4087974,Cordie Southard,34,Chile,Osorno,03837 Dixon Trail,9,4521 Summer Ridge Point,3483 Mandrake Trail
4151915,Gearard Bridle,97,Chile,La Serena,4157 Harper Way,6,3 Northfield Way,2733 Farwell Hill
4602473,Luce Pounds,58,Chile,Vallenar,99782 Arrowood Court,4,40 Orin Point,688 Mosinee Road
4808266,Maryellen Croce,87,Chile,Vicuña,74 Waxwing Park,12,16116 Utah Road,69427 Crowley Court
3190032,Liesa Verrall,30,Chile,Cochrane,6 Mosinee Place,2,9 Heffernan Road,8697 Hagan Drive
3970156,Natalina Lanchester,49,Chile,Traiguén,198 International Trail,9,67156 Eastwood Place,634 Meadow Ridge Circle
4084329,Lauryn Valder,4,Chile,La Serena,222 Buell Crossing,9,2442 Sachtjen Crossing,6 La Follette Road
4187249,Joachim Bernier,22,Chile,Machalí,679 Homewood Center,12,081 Rigney Pass,59120 Dakota Drive
3175800,Cahra Weben,29,Chile,Nueva Imperial,993 Hanson Hill,11,5228 Acker Crossing,84416 Glendale Court
4238861,Celeste Waghorn,70,Chile,Monte Patria,81752 Ruskin Parkway,7,5 Dawn Place,89860 South Court
4338252,Aluin Middlemist,21,Chile,El Monte,804 Dorton Pass,0,7047 Rusk Parkway,60742 David Pass
4673191,Nola MacNucator,48,Chile,Monte Patria,3770 Golden Leaf Circle,11,6537 Hoepker Center,2953 Autumn Leaf Terrace
3295039,Marcelia Lassey,16,Chile,Cañete,56942 Dawn Street,1,4 Brickson Park Park,364 Westridge Hill
3677466,Laura Sleigh,21,Chile,Puente Alto,1 Lawn Hill,0,1694 Daystar Park,434 Porter Point
4689440,Son Muldowney,76,Chile,Futaleufú,119 Michigan Center,3,6566 Green Ridge Court,0 Havey Point
4974176,Kinna Kerswill,70,Chile,Quillota,3 Gerald Circle,2,916 Hayes Circle,1644 Oneill Place
3287586,Latashia Dimitrescu,38,Chile,Bulnes,88685 Roth Park,8,7 Waxwing Junction,3 Shelley Avenue
4649991,Merle Sibille,52,Chile,Loncoche,71545 Welch Crossing,5,594 Carioca Park,6558 Green Ridge Hill
3660131,Gaylor Petracek,61,Chile,Lautaro,27 Tomscot Alley,6,48969 Crownhardt Court,4887 Nobel Avenue
4946850,Linda De Lorenzo,37,Chile,Cañete,0500 Coleman Road,2,9 Canary Place,52 School Pass
4798451,Robert Klaaassen,97,Chile,Pitrufquén,46427 Troy Junction,12,4 Dawn Park,91734 Thierer Plaza
3260783,Gualterio Silver,24,Chile,Santa Cruz,4870 Northridge Road,12,562 Rowland Place,25972 Pierstorff Trail
3736857,Stephenie McElrath,97,Chile,Lebu,75130 Hooker Street,4,41 Almo Avenue,8095 Express Circle
4485988,Fred Dobrovolny,21,Chile,Paine,41 Sugar Plaza,12,13001 Merry Avenue,82370 Bultman Crossing
4612200,Herbert Alger,54,Chile,Vicuña,3 Toban Circle,3,11 Farwell Court,317 Kenwood Avenue
3168220,Jania Cornelleau,29,Chile,Longaví,015 Drewry Court,6,99278 Mesta Crossing,6121 Mosinee Park
4577637,Elyssa Blagdon,43,Chile,Paine,1462 Fordem Junction,0,9 Mesta Crossing,593 Shasta Lane
3310487,Cris Nardi,4,Chile,Paine,93781 Debra Center,5,00 Hauk Parkway,723 Southridge Hill
3509545,Siouxie Southward,38,Chile,Yumbel,458 Green Hill,8,5858 Talmadge Center,9 Vidon Pass
4629229,Reuben O'Sherrin,71,Chile,Futaleufú,2357 Mandrake Hill,11,8948 Lakeland Center,617 Lotheville Terrace
4103262,Bobbie Mcwhinnie,47,Chile,Vicuña,054 Jana Circle,6,88089 Sheridan Center,24 Morningstar Center
3912323,Lindon Crimmins,85,Chile,Mulchén,654 Stuart Road,6,750 Fairfield Alley,882 Sullivan Center
4316105,Adoree Ryrie,69,Chile,La Laja,12 Sundown Parkway,3,824 2nd Alley,04294 Dottie Plaza
3533905,Rosette Lacroux,60,Chile,Villarrica,48107 Springview Road,11,3363 Warner Place,50 Armistice Circle
3251996,Carol-jean Pallesen,55,Chile,Llaillay,4530 Michigan Trail,10,25349 Sugar Street,62376 Green Point
3755204,Coleen McLaren,8,Chile,Calbuco,2 International Pass,11,9927 Huxley Street,79 Aberg Drive
3119483,Darsie Pearlman,40,Chile,Pitrufquén,86981 Welch Drive,9,804 Toban Court,9481 Springview Parkway
3926236,Nananne Venables,93,Chile,Chonchi,377 1st Junction,0,87 Roth Way,7 4th Street
4965682,Betsey Starten,8,Chile,Lebu,174 Iowa Center,7,6521 Mccormick Lane,5961 Packers Parkway
4003018,Jana Mauro,38,Chile,Vallenar,0 Grayhawk Road,0,991 Mendota Parkway,0 Dawn Park
3286759,Izak Billingsley,37,Chile,Tomé,478 Center Point,3,81182 Hazelcrest Terrace,867 Arkansas Pass
3098959,Virge Jenken,33,Chile,Villa Alemana,79404 Caliangt Alley,6,0 Summit Street,536 Nelson Point
3409528,Edward Gulc,28,Chile,Villa Alemana,767 Southridge Center,4,22 Porter Pass,03 Bobwhite Drive
3088628,Wilie Edgeon,13,Chile,Mulchén,61736 Hermina Plaza,11,484 Grim Place,41 Artisan Street
3301687,Zondra Pealing,74,Chile,La Ensenada,81 Lerdahl Lane,1,82715 American Ash Center,1586 Lien Plaza
3796071,Adiana Walduck,43,Chile,San Javier,29 Ruskin Terrace,12,000 Fisk Street,13462 Rowland Trail
4899646,Dar Pisco,12,Chile,Coronel,852 Arkansas Junction,10,7 5th Way,46817 Lotheville Alley
4464735,Lonni Casterot,67,Chile,Puerto Montt,79453 Basil Avenue,2,50691 Hayes Alley,1730 Waubesa Street
3214297,Noak Phalp,3,Chile,Cabrero,19 Vera Terrace,7,653 Northridge Trail,89 Mariners Cove Park
4479919,Elena Meggison,21,Chile,Rengo,8977 Stone Corner Point,8,3 Mitchell Court,41 Knutson Place
4286729,Harriet Kloska,27,Chile,Talca,85 Stang Point,8,2 Kedzie Crossing,3 8th Road
3663965,Montgomery Naul,61,Chile,Rauco,58738 Russell Junction,7,59922 Oak Valley Pass,85 Westerfield Center
4360107,Twyla Camoys,3,Chile,Pucón,65895 Shopko Plaza,8,3 Orin Road,44768 Lunder Pass
3932317,Benedicta Lardiner,56,Chile,Vallenar,728 Portage Court,4,89284 Ohio Drive,6964 Algoma Street
4014817,Berry Lyons,16,Chile,Cañete,7 Haas Street,12,62 Badeau Point,4756 Everett Circle
4034367,Sinclare Sinott,52,Chile,Cartagena,98 Waxwing Terrace,7,2218 Bowman Center,31 Oneill Center
3876790,Melitta McGuiness,81,Chile,Peñaflor,2332 Bonner Pass,7,36296 Eagan Road,4988 Waywood Drive
3537315,Leanor Climance,1,Chile,San Pedro de Atacama,5 Duke Trail,5,21 Leroy Street,293 Starling Avenue
4650755,Krisha Gibbings,79,Chile,Buin,1 Annamark Center,4,78 Green Ridge Junction,1094 Oakridge Lane
3338210,Ulrikaumeko Mowsley,51,Chile,Machalí,3889 Lakewood Gardens Place,9,21 Prairieview Court,7588 Duke Plaza
4372420,Vasili Smail,74,Chile,Limache,3533 Leroy Point,8,94143 Pawling Point,55422 Hallows Circle
3315788,Gerik Redman,9,Chile,Nueva Imperial,49099 Bowman Parkway,0,8 Spaight Place,33375 Eastwood Plaza
3417867,Barr Wheelton,14,Chile,San Pedro de Atacama,9 Eagan Lane,8,1 Jenna Parkway,442 Loomis Trail
4954830,Selene Golson,56,Chile,Loncoche,3073 Debs Road,5,160 Vahlen Crossing,40338 Artisan Plaza
3090142,Becka Perillo,6,Chile,Santiago,07 High Crossing Hill,3,4245 Bashford Road,6 Sherman Parkway
3961619,Des Dalgarnocht,14,Chile,Coihaique,6 Delladonna Road,8,1 Glacier Hill Way,09040 Homewood Trail
3110265,Cassy Antoshin,59,Chile,Angol,08449 Dixon Avenue,4,36 Corscot Hill,5 Alpine Point
3376276,Elizabet Walklett,24,Chile,La Laja,8759 Shoshone Street,6,48 Briar Crest Alley,7481 Texas Pass
3807310,Sax Lathwell,88,Chile,Calbuco,6773 Warrior Crossing,12,1 Continental Drive,31 Sunnyside Center
4704124,Jacques Rupp,96,Chile,Rengo,84 Sachtjen Crossing,0,67223 Namekagon Park,06363 Farwell Place
4570582,Idell Grigoriscu,75,Chile,Lampa,10 Barby Pass,0,02 Northwestern Trail,266 Lakeland Lane
3396900,Karlie McLaren,77,Chile,Diego de Almagro,36 Menomonie Junction,4,8008 Larry Pass,119 Luster Place
4329855,Cherish Lombard,75,Chile,Nueva Imperial,61502 Bobwhite Trail,0,4 Steensland Terrace,53 Manufacturers Center
4888473,Fergus Bezley,77,Chile,San Bernardo,200 Mayer Terrace,4,8 Melody Terrace,3709 Portage Circle
3175431,Gorden Kilpatrick,41,Chile,Limache,21293 Hoepker Plaza,0,60 Garrison Way,89139 Weeping Birch Hill
4571179,Karyn Cudd,48,Chile,Taltal,8 Farwell Way,3,024 Fallview Parkway,472 Maywood Pass
4004184,Ric Quan,35,Chile,Lota,8634 Melby Trail,3,2 Magdeline Pass,12475 Sommers Circle
4097083,Irina Wallbridge,78,Chile,Futaleufú,804 Lakewood Gardens Lane,1,3 Cody Hill,862 Vahlen Road
4297643,Lucius Oddey,70,Chile,Santiago,938 Melby Plaza,2,1642 Ramsey Hill,36412 Browning Plaza
3257264,Ryley Cozzi,95,Chile,Остров Пасхи,59 Kedzie Park,10,67 Arrowood Crossing,22 Portage Junction
3971565,Kylie Crispin,31,Chile,Puyehue,46900 Fair Oaks Parkway,1,0874 Havey Trail,0 Autumn Leaf Street
3363769,Brittni Greenrod,41,Chile,Villa Alemana,3 Buhler Terrace,5,4617 Schurz Road,07576 Declaration Drive
3051553,Annetta Rozec,98,Chile,Calbuco,34 Quincy Alley,6,224 Blaine Terrace,22711 Thierer Pass
4919049,Cristy Fretwell,72,Chile,Limache,1001 5th Pass,8,6 Paget Park,788 Novick Alley
3548616,Bram Ding,97,Chile,San Felipe,5 Drewry Hill,12,9 Cardinal Crossing,4 Vahlen Court
4142696,Dar Crowdace,21,Chile,Nueva Imperial,35236 Weeping Birch Circle,9,72293 Independence Plaza,4 Fairview Alley
3339692,Anatole McRoberts,16,Chile,Chiguayante,98959 Swallow Place,9,603 Dapin Lane,315 Prairie Rose Avenue
3316598,Addy Huzzay,9,Chile,Nueva Imperial,2459 Pawling Terrace,11,1 Gina Hill,2324 Chive Street
4098784,Marna Carne,30,Chile,Nueva Imperial,23500 Independence Circle,5,42557 Dakota Park,7984 Waxwing Center
4179328,Parnell Turton,52,Chile,Paine,055 Maywood Avenue,12,55923 Reinke Court,4671 West Place
3568865,Shermy Jeannel,71,Chile,Chiguayante,0584 Manitowish Terrace,5,967 Clarendon Parkway,5775 Hayes Avenue
3260179,Amity Gatus,23,Chile,Arauco,53169 Shelley Road,1,8546 Crownhardt Hill,119 Sutherland Plaza
4331261,Blythe Faughny,98,Chile,Lautaro,8 Talmadge Center,1,9 Warner Hill,536 Rowland Pass
3597988,Kirstyn McGivena,65,Chile,Nueva Imperial,0664 Independence Hill,2,1 Blackbird Circle,756 Birchwood Avenue
3675184,Ramona Prosh,54,Chile,Cochrane,9468 Northland Road,4,9 Scott Trail,68401 Blaine Lane
3995016,Bennie Merry,27,Chile,Rauco,64 Ridgeway Lane,11,52443 Aberg Junction,36 Wayridge Plaza
3949060,Lani Pealing,40,Chile,San Javier,86712 Badeau Center,2,2 Kensington Park,85629 Spohn Avenue
4220226,Rhodie Crafter,2,Chile,Coronel,13806 Jenna Parkway,6,40729 Monterey Plaza,96 Barnett Street
4645133,Sallee Veschambre,45,Chile,Arauco,831 Maple Trail,4,735 Burrows Circle,42 Declaration Lane
4893483,Ilka Khotler,66,Chile,Mulchén,39727 Dryden Center,12,67 Sunbrook Pass,614 Holy Cross Plaza
3767920,Lissie Beetlestone,36,Chile,Molina,456 Village Terrace,7,72 Stang Parkway,6649 David Trail
4910500,Bentley Scarr,92,Chile,San Felipe,4 Aberg Plaza,6,82 Rieder Plaza,98 Pawling Lane
3110235,Algernon Simla,67,Chile,La Ligua,3 Elmside Parkway,7,2 Oxford Park,39113 David Street
3939535,Talia Hearty,96,Chile,San Javier,19 Mayfield Alley,2,05623 Spenser Road,9 Oak Valley Parkway
3462922,Rianon Fullegar,78,Chile,La Unión,3560 Bonner Alley,7,452 Bartillon Crossing,1368 Maryland Avenue
4741547,Clarabelle Tatersale,24,Chile,La Serena,447 Fieldstone Lane,1,4 Transport Street,3 Northwestern Road
3615569,Ranee Zolini,17,Chile,Longaví,8 Lyons Circle,1,9 Steensland Plaza,1 Shasta Court
